{"Mailing_address": "Putnam Sq, no.268",
"Mailing_attention": "",
"Mailing_city": "Amherest",
"Mailing_comapny_name_1": "apple34/kj",
"Mailing_comapny_name_2": "",
"Mailing_state": "MA",
"Mailing_zip4": "",
"Mailing_zip5": "01001",
"shipment_number": "126899",
"shipment_value": "66333",
"shipping_address": "Mill street ave, po_b 25668, num 23.",
"shipping_city": "agawama",
"shipping_comapny_name_1": "Oil gass 567",
"shipping_comapny_name_2": "Patburg",
"shipping_state": "DC",
"shipping_zip4": "",
"shipping_zip5": "01005",
"status_ceased_day": "15",
"status_ceased_month": "12",
"status_ceased_year": "2017",
"status_inoperation": "Inactive"}