"est_id","shipping_comapny_name_1","shipping_comapny_name_2","shipping_address","shipping_city","shipping_state","shipping_zip5","shipping_zip4","Mailing_comapny_name_1","Mailing_comapny_name_2","Mailing_attention","Mailing_address","Mailing_city","Mailing_state","Mailing_zip5","Mailing_zip4","operating_status","status_ceased_day","status_ceased_month","status_ceased_year","shipment_number","shipment_value"
1,"Oil gass 567","Patburg","Mill street ave, po_b 25668, num 23.","agawama","DC","01005","","apple34/kj","","","Putnam Sq, no.268","Amherest","MA","01001","","Inactive","15","12","2017","126899","66333"















