EST_ID,SHIP_NUM,SHIPMENT_MONTH,SHIPMT_DAY,SHIPMENT_VALUE,SHIPMENT_WEIGHT,SCTG_COMMODITY_CODE,COMMODITY_DESCRIPTION,TEMPERATURE_CONTROL_YN,HAZMAT_CODE,DOMESTIC_CITY_NAME,DOMESTIC_STATE_ABBREV,DOMESTIC_ZIP_CODE,DOMESTIC_TRANSPORT_MODE,EXPORT_YN,EXPORT_CITY_NAME,EXPORT_COUNTRY_NAME,EXPORT_TRANSPORT_MODE
1,123,09,01,1,5000,14992,Test,N,1087,Barre,MA,01005,8,N,,,
1,3,,,5000,500,26909,,,,Block Island,RI,02807,2,,,,
2,4,,,80,4,08100,,,,Nantucket,MA,02554,1,,,,
2,5,,,10000,500,08100,,,,Nantucket,MA,02554,3,,,,
1,6,,,2000,100,08100,,,,St. Louis,MO,63101,1,,,,
2,7,,,200000,10000,08100,,,,St. Louis,MO,63101,2,,,,